timestamp,fixture_date,fixture_id,league_id,season,home_team,away_team,prob_home,prob_draw,prob_away,prob_over_2_5,prob_under_2_5,main_pick,main_confidence,edge_comment,top_score,total_pick,bet_selection,bet_bookmaker,bet_odd,bet_stake,bet_timestamp,bet_notes,bet_result,bet_return,status_snapshot,result_status,result_score,result_winner,updated_at,feature_home_draw_diff,feature_home_away_diff,feature_over_under_diff,feature_max_prob,feature_main_confidence_norm,feature_total_pick_over,feature_lambda_home,feature_lambda_away,elo_home,elo_away,delta_elo,pressure_score,intensity_score
2025-11-06T21:05:27.549157+01:00,1970-01-01T01:00:00+01:00,nan,0.3146219695499114,0.0285566809578358,0.9714433190421642,Under 2.5 buts,97.0,,,,,,,,,,,,,,,,,,,,,,,,,,97.0,,0,,,,,,,
2025-11-06T21:06:52.526756+01:00,2025-11-06T21:00:00+01:00,1451222,3.0,2025.0,Rangers,AS Roma,0.1546630106059352,0.6165368146317285,0.2288001102918566,0.0191520130667879,0.980847986933212,Under 2.5 buts,98.0,Projection de buts moderee. cote 2.00. value 48.1%,Rangers 0-0 AS Roma,Under 2.5 buts,,,,,,,,,1H,FT,0-2,away,2025-11-08T22:10:45.543299+00:00,-0.46187380402579326,-0.07413709968592139,-0.961695973866424,0.6165368146317285,0.98,0,,,,,,,
2025-11-06T21:11:52.572140+01:00,2025-11-06T21:00:00+01:00,1451227,3.0,2025.0,Real Betis,Lyon,0.1627640511538065,0.6744718892551939,0.1627640511538065,0.0103765575262116,0.9896234424737884,Under 2.5 buts,99.0,Projection de buts moderee. cote 2.20. value 53.5%,Real Betis 0-0 Lyon,Under 2.5 buts,,,,,,,,,1H,FT,2-0,home,2025-11-08T22:10:47.089896+00:00,-0.5117078381013873,0.0,-0.9792468849475768,0.6744718892551939,0.99,0,,,,,,,
2025-11-06T22:43:09.739036+01:00,2025-11-06T21:00:00+01:00,1451227,3.0,2025.0,Real Betis,Lyon,0.9988489096998114,0.0011319896061145,1.9100693777153785e-05,0.0951625819637436,0.9048374180362564,Over 1.5 buts Real Betis,100.0,Real Betis projette 0.28 buts attendus.,Real Betis 2-0 Lyon,,,,,,,,,,2H,FT,2-0,home,2025-11-08T22:10:47.089896+00:00,0.997716920093697,0.9988298090060342,-0.8096748360725128,0.9988489096998114,1.0,0,,,,,,,
2025-11-07T11:56:46.169119+01:00,2025-11-07T20:45:00+01:00,1387804,61.0,2025.0,Paris FC,Rennes,0.3742166211650317,0.2013216894582689,0.4244616893766992,0.7493269803989511,0.2506730196010489,Over 2.5 buts,75.0,xG projetes 3.93. cote 1.90. value 22.3%,Paris FC 1-2 Rennes,Over 2.5 buts,,,,,,,,,NS,FT,0-1,away,2025-11-08T22:10:48.575103+00:00,0.1728949317067628,-0.05024506821166752,0.4986539607979022,0.4244616893766992,0.75,1,,,,,,,
2025-11-07T20:57:51.614139+01:00,2025-11-07T20:45:00+01:00,1387804,61.0,2025.0,Paris FC,Rennes,0.3049247034487963,0.3616100961270042,0.3334652004241993,0.1664610132567161,0.8335389867432839,Under 2.5 buts,83.0,Projection de buts moderee. cote 2.14. value 36.6%,Paris FC 0-0 Rennes,Under 2.5 buts,,,,,,,,,1H,FT,0-1,away,2025-11-08T22:10:48.575103+00:00,-0.05668539267820788,-0.028540496975403007,-0.6670779734865677,0.3616100961270042,0.83,0,,,,,,,
2025-11-07T22:13:38.924498+01:00,2025-11-08T17:00:00+01:00,1387801,61.0,2025.0,Marseille,Stade Brestois 29,0.7724984734664664,0.1319838468264591,0.0955176797070746,0.7020705579597342,0.2979294420402658,Double chance 1X (Marseille),90.0,Couverture domicile + nul maximise la securite.,Marseille 2-0 Stade Brestois 29,Over 2.5 buts,,,,,,,,,NS,FT,3-0,home,2025-11-08T22:10:50.138924+00:00,0.6405146266400072,0.6769807937593918,0.4041411159194684,0.7724984734664664,0.9,1,,,,,,,
2025-11-08T18:03:05.920267+01:00,2025-11-08T19:00:00+01:00,1387798,61.0,2025.0,Le Havre,Nantes,0.452494951949572,0.2744834223430751,0.2730216257073528,0.3462291389787307,0.6537708610212694,Double chance 1X (Le Havre),73.0,Couverture domicile + nul maximise la securite.,Le Havre 1-0 Nantes,Under 2.5 buts,,,,,,,,,NS,FT,1-1,draw,2025-11-08T22:10:51.394528+00:00,0.1780115296064969,0.17947332624221923,-0.30754172204253866,0.452494951949572,0.73,0,,,,,,,
2025-11-08T18:07:34.366550+01:00,2025-11-08T17:00:00+01:00,1387801,61.0,2025.0,Marseille,Stade Brestois 29,0.9859607999417084,0.0129651373182966,0.0010740627399948,0.5809094571566088,0.4190905428433912,Over 1.5 buts Marseille,100.0,Marseille projette 0.63 buts attendus.,Marseille 2-0 Stade Brestois 29,,,,,,,,,,HT,FT,3-0,home,2025-11-08T22:10:50.138924+00:00,0.9729956626234118,0.9848867372017136,0.1618189143132176,0.9859607999417084,1.0,0,,,,,,,
2025-11-08T18:40:29.861621+01:00,2025-11-08T17:00:00+01:00,1387801,61.0,2025.0,Marseille,Stade Brestois 29,0.997449279997472,0.0024828067038573,6.791329867039453e-05,0.2513640504163195,0.7486359495836805,Over 1.5 buts Marseille,100.0,Marseille projette 0.63 buts attendus.,Marseille 2-0 Stade Brestois 29,,,,,,,,,,2H,FT,3-0,home,2025-11-08T22:10:50.138924+00:00,0.9949664732936148,0.9973813666988016,-0.49727189916736103,0.997449279997472,1.0,0,,,,,,,
2025-11-08T19:43:29.725214+01:00,2025-11-08T19:00:00+01:00,1387798,61.0,2025.0,Le Havre,Nantes,0.0326903495179583,0.1917766362978487,0.7755330141841928,0.1099090688506343,0.8900909311493657,Double chance X2 (Nantes),97.0,L'equipe exterieure evite souvent la defaite.,Le Havre 0-1 Nantes,Under 2.5 buts,,,,,,,,,1H,FT,1-1,draw,2025-11-08T22:10:51.395010+00:00,-0.1590862867798904,-0.7428426646662345,-0.7801818622987313,0.7755330141841928,0.97,0,,,,,,,
2025-11-08T20:30:50.828045+01:00,2025-11-08T21:05:00+01:00,1387803,61.0,2025.0,Monaco,Lens,0.3437740525004171,0.2240419352725479,0.432184012227035,0.596147637863729,0.4038523621362709,Double chance X2 (Lens),66.0,L'equipe exterieure evite souvent la defaite.,Monaco 1-1 Lens,,,,,,,,,,NS,FT,1-4,away,2025-11-08T22:10:52.409017+00:00,0.1197321172278692,-0.08840995972661791,0.19229527572745814,0.432184012227035,0.66,0,,,,,,,
2025-11-08T21:42:29.583933+01:00,2025-11-08T21:05:00+01:00,1387803,61.0,2025.0,Monaco,Lens,0.0356509074246272,0.1856522053231752,0.7786968872521978,0.1770949097440755,0.8229050902559245,Double chance X2 (Lens),96.0,L'equipe exterieure evite souvent la defaite.,Monaco 0-1 Lens,Under 2.5 buts,,,,,,,,,1H,FT,1-4,away,2025-11-08T22:10:52.409017+00:00,-0.150001297898548,-0.7430459798275706,-0.645810180511849,0.7786968872521978,0.96,0,,,,,,,
2025-11-09T14:25:14.436573+01:00,2025-11-09T17:15:00+01:00,1387797,61.0,2025.0,Angers,Auxerre,0.4010794932950398,0.349344200705122,0.249576305999838,0.178199838651249,0.821800161348751,Under 2.5 buts,82.0,Projection de buts moderee. cote 1.61. value 20.1%,Angers 0-0 Auxerre,Under 2.5 buts,,,,,,,,,NS,FT,2-0,home,2025-11-09T20:17:00.335835+00:00,0.05173529258991777,0.1515031872952018,-0.643600322697502,0.4010794932950398,0.82,0,,,,,,,
2025-11-09T14:27:50.285041+01:00,2025-11-09T17:15:00+01:00,1387805,61.0,2025.0,Strasbourg,Lille,0.3414608037504208,0.2013140818209072,0.457225114428672,0.7380769108384567,0.2619230891615433,Over 2.5 buts,74.0,xG projetes 3.86. cote 1.82. value 18.9%,Strasbourg 1-2 Lille,Over 2.5 buts,,,,,,,,,NS,FT,2-0,home,2025-11-09T20:17:01.343833+00:00,0.1401467219295136,-0.11576431067825116,0.47615382167691345,0.457225114428672,0.74,1,,,,,,,
2025-11-09T14:29:50.245847+01:00,2025-11-09T17:15:00+01:00,1387802,61.0,2025.0,Metz,Nice,0.150721930711253,0.1707423773307015,0.6785356919580453,0.6470490717204052,0.3529509282795948,Double chance X2 (Nice),85.0,L'equipe exterieure evite souvent la defaite.,Metz 0-2 Nice,Over 2.5 buts,,,,,,,,,NS,FT,2-1,home,2025-11-09T20:17:02.463445+00:00,-0.02002044661944849,-0.5278137612467924,0.29409814344081037,0.6785356919580453,0.85,1,,,,,,,
2025-11-09T14:34:19.987167+01:00,2025-11-09T20:45:00+01:00,1387800,61.0,2025.0,Lyon,Paris Saint Germain,0.2456068759556942,0.2506788037755874,0.5037143202687184,0.4109299978718808,0.5890700021281192,Double chance X2 (Paris Saint Germain),75.0,L'equipe exterieure evite souvent la defaite.,Lyon 0-1 Paris Saint Germain,,,,,,,,,,NS,FT,2-3,away,2025-11-14T18:47:14.686582+00:00,-0.005071927819893185,-0.25810744431302424,-0.17814000425623844,0.5037143202687184,0.75,0,,,,,,,
2025-11-09T14:37:20.743615+01:00,2025-11-09T15:00:00+01:00,1379070,39.0,2025.0,Brentford,Newcastle,0.3887003774514867,0.2560659638902279,0.3552336586582854,0.4375580430950302,0.5624419569049697,Double chance 1X (Brentford),64.0,Couverture domicile + nul maximise la securite.,Brentford 1-1 Newcastle,,,,,,,,,,NS,FT,3-1,home,2025-11-09T20:17:04.357345+00:00,0.13263441356125882,0.033466718793201344,-0.12488391380993946,0.3887003774514867,0.64,0,,,,,,,
2025-11-09T14:39:15.223045+01:00,2025-11-09T15:00:00+01:00,1379075,39.0,2025.0,Nottingham Forest,Leeds,0.2932649953903133,0.2655277504149185,0.4412072541947678,0.3845125478804037,0.6154874521195963,Double chance X2 (Leeds),71.0,L'equipe exterieure evite souvent la defaite.,Nottingham Forest 0-1 Leeds,Under 2.5 buts,,,,,,,,,NS,FT,3-1,home,2025-11-09T20:17:05.785975+00:00,0.027737244975394815,-0.1479422588044545,-0.23097490423919265,0.4412072541947678,0.71,0,,,,,,,
2025-11-09T14:40:58.598921+01:00,2025-11-09T15:00:00+01:00,1379069,39.0,2025.0,Aston Villa,Bournemouth,0.3081874025561992,0.2719402212183671,0.4198723762254336,0.3673833054035097,0.6326166945964903,Double chance X2 (Bournemouth),69.0,L'equipe exterieure evite souvent la defaite.,Aston Villa 0-1 Bournemouth,Under 2.5 buts,,,,,,,,,NS,FT,4-0,home,2025-11-09T20:17:07.392257+00:00,0.03624718133783211,-0.11168497366923441,-0.26523338919298056,0.4198723762254336,0.69,0,,,,,,,
2025-11-09T14:44:51.965784+01:00,2025-11-08T16:00:00+01:00,1386719,40.0,2025.0,Sheffield Utd,QPR,0.0,1.0,0.0,0.0,1.0,Match nul,100.0,"Forces proches, scenario equilibre sur le 1X2.",Sheffield Utd 0-0 QPR,Under 2.5 buts,,,,,,,,,FT,FT,0-0,draw,2025-11-09T13:44:51.995944+00:00,-1.0,0.0,-1.0,1.0,1.0,0,,,,,,,
2025-11-09T14:47:04.361262+01:00,2025-11-09T15:00:00+01:00,1379072,39.0,2025.0,Crystal Palace,Brighton,0.5152291308396241,0.2247846074263425,0.2599862617340333,0.536498806888977,0.463501193111023,Double chance 1X (Crystal Palace),74.0,Couverture domicile + nul maximise la securite.,Crystal Palace 1-0 Brighton,,,,,,,,,,NS,FT,0-0,draw,2025-11-09T20:17:08.738890+00:00,0.2904445234132816,0.2552428691055908,0.072997613777954,0.5152291308396241,0.74,0,,,,,,,
2025-11-09T14:49:06.507960+01:00,2025-11-09T17:30:00+01:00,1379074,39.0,2025.0,Manchester City,Liverpool,0.6398867905064691,0.186607688874362,0.1735055206191688,0.6096217837761316,0.3903782162238683,Double chance 1X (Manchester City),83.0,Couverture domicile + nul maximise la securite.,Manchester City 2-1 Liverpool,,,,,,,,,,NS,FT,3-0,home,2025-11-09T20:17:10.330806+00:00,0.45327910163210716,0.46638126988730033,0.21924356755226332,0.6398867905064691,0.83,0,,,,,,,
2025-11-09T14:49:26.834039+01:00,2025-11-21T21:00:00+01:00,1386742,40.0,2025.0,Preston,Blackburn,0.5860475979332341,0.2315507915887771,0.1824016104779887,0.4167977008686233,0.5832022991313768,Double chance 1X (Preston),82.0,Couverture domicile + nul maximise la securite.,Preston 1-0 Blackburn,,,,,,,,,,NS,FT,1-2,away,2025-11-22T12:12:05.045533+00:00,0.354496806344457,0.40364598745524544,-0.1664045982627535,0.5860475979332341,0.82,0,,,,,,,
2025-11-09T14:49:45.072796+01:00,2025-11-09T15:00:00+01:00,1387799,61.0,2025.0,Lorient,Toulouse,0.18731498482763,0.1825404961467007,0.6301445190256695,0.6643301616937342,0.3356698383062658,Double chance X2 (Toulouse),81.0,L'equipe exterieure evite souvent la defaite.,Lorient 1-2 Toulouse,Over 2.5 buts,,,,,,,,,NS,FT,1-1,draw,2025-11-09T20:17:13.470397+00:00,0.004774488680929306,-0.4428295341980395,0.32866032338746837,0.6301445190256695,0.81,1,,,,,,,
2025-11-09T14:52:48.953820+01:00,2025-11-09T16:15:00+01:00,1390936,140.0,2025.0,Rayo Vallecano,Real Madrid,0.1267834988626874,0.1669561063550125,0.7062603947822997,0.5992830683501819,0.4007169316498181,Double chance X2 (Real Madrid),87.0,L'equipe exterieure evite souvent la defaite.,Rayo Vallecano 0-2 Real Madrid,,,,,,,,,,NS,FT,0-0,draw,2025-11-09T20:17:15.216339+00:00,-0.040172607492325124,-0.5794768959196124,0.19856613670036377,0.7062603947822997,0.87,0,,,,,,,
2025-11-09T14:56:50.452780+01:00,2025-11-09T18:30:00+01:00,1390938,140.0,2025.0,Valencia,Real Betis,0.1289677533462643,0.1690533294987788,0.7019789171549567,0.5940259280998704,0.4059740719001296,Double chance X2 (Real Betis),87.0,L'equipe exterieure evite souvent la defaite.,Valencia 0-2 Real Betis,,,,,,,,,,NS,FT,1-1,draw,2025-11-09T20:17:16.971256+00:00,-0.040085576152514485,-0.5730111638086924,0.18805185619974085,0.7019789171549567,0.87,0,,,,,,,
2025-11-13T20:43:53.660080+01:00,2025-11-27T18:45:00+01:00,1451239,3.0,2025.0,Aston Villa,BSC Young Boys,0.8742354046110274,0.0837465550353654,0.0420180403536072,0.7286879356895156,0.2713120643104844,Double chance 1X (Aston Villa),96.0,Couverture domicile + nul maximise la securite.,Aston Villa 3-0 BSC Young Boys,Over 2.5 buts,,,,,,,,,NS,,,,,0.790488849575662,0.8322173642574202,0.45737587137903124,0.8742354046110274,0.96,1,,,,,,,
2025-11-13T20:45:02.770989+01:00,2025-11-13T20:45:00+01:00,1366311,32.0,2024.0,France,Ukraine,0.4069137606646638,0.2444747214324651,0.348611517902871,0.4890857238636625,0.5109142761363374,Double chance 1X (France),65.0,Couverture domicile + nul maximise la securite.,France 1-1 Ukraine,,Under 2.5 buts,,2.47,66.76,2025-11-13T20:49:11.161785+01:00,,loss,0.0,NS,FT,4-0,home,2025-11-14T18:47:18.462231+00:00,0.16243903923219868,0.0583022427617928,-0.02182855227267494,0.4069137606646638,0.65,0,,,,,,,
2025-11-13T20:46:34.542606+01:00,2025-11-14T18:00:00+01:00,1323348,32.0,2024.0,Finland,Malta,0.4069137606646638,0.2444747214324651,0.348611517902871,0.4890857238636625,0.5109142761363374,Double chance 1X (Finland),65.0,Couverture domicile + nul maximise la securite.,Finland 1-1 Malta,,,,,,,,,,NS,FT,0-1,away,2025-11-15T13:22:40.652732+00:00,0.16243903923219868,0.0583022427617928,-0.02182855227267494,0.4069137606646638,0.65,0,,,,,,,
2025-11-14T19:48:24.721027+01:00,2026-03-26T18:00:00+01:00,1316569,5.0,2024.0,Gibraltar,Latvia,0.4227300692302969,0.2194979644459387,0.3577719663237644,0.6274650060401097,0.3725349939598903,Over 2.5 buts,69.0,xG projetes 3.24. value 16.7%. ajustement historique +5.92%,Gibraltar 1-1 Latvia,Over 2.5 buts,,,,,,,,,NS,,,,,0.2032321047843582,0.06495810290653248,0.25493001208021937,0.4227300692302969,0.69,1,,,,,,,
2025-11-14T20:19:41.030390+01:00,2025-11-14T20:45:00+01:00,1366316,32.0,2024.0,Croatia,Faroe Islands,0.4026129557216562,0.2514971102080452,0.3458899340702985,0.4561491151984952,0.5438508848015047,Double chance 1X (Croatia),65.0,Couverture domicile + nul maximise la securite.,Croatia 1-1 Faroe Islands,,,,,,,,,,NS,FT,3-1,home,2025-11-15T13:22:43.723391+00:00,0.15111584551361096,0.056723021651357675,-0.08770176960300946,0.4026129557216562,0.65,0,,,,,,,
2025-11-14T20:41:23.745243+01:00,2025-11-14T20:45:00+01:00,1366315,32.0,2024.0,Poland,Netherlands,0.4069137606646638,0.2444747214324651,0.348611517902871,0.4890857238636625,0.5109142761363374,Double chance 1X (Poland),65.0,Couverture domicile + nul maximise la securite.,Poland 1-1 Netherlands,,,,,,,,,,NS,FT,1-1,draw,2025-11-15T13:22:45.292805+00:00,0.16243903923219868,0.0583022427617928,-0.02182855227267494,0.4069137606646638,0.65,0,,,,,,,
2025-11-14T20:44:07.603106+01:00,2025-11-14T20:45:00+01:00,1323349,32.0,2024.0,Slovakia,Northern Ireland,0.5703596105601968,0.2587470481013286,0.1708933413384745,0.3190970253454004,0.6809029746545996,Double chance 1X (Slovakia),83.0,Couverture domicile + nul maximise la securite.,Slovakia 1-0 Northern Ireland,,,,,,,,,,NS,FT,1-0,home,2025-11-15T13:22:46.997816+00:00,0.3116125624588682,0.3994662692217223,-0.3618059493091992,0.5703596105601968,0.83,0,,,,,,,
2025-11-14T20:48:44.832189+01:00,2025-11-15T15:00:00+01:00,1323351,32.0,2024.0,Kazakhstan,Belgium,0.4069137606646638,0.2444747214324651,0.348611517902871,0.4890857238636625,0.5109142761363374,Double chance 1X (Kazakhstan),65.0,Couverture domicile + nul maximise la securite.,Kazakhstan 1-1 Belgium,,,,,,,,,,NS,FT,1-1,draw,2025-11-21T18:40:22.048429+00:00,0.16243903923219868,0.0583022427617928,-0.02182855227267494,0.4069137606646638,0.65,0,,,,,,,
2025-11-14T20:49:54.283079+01:00,2025-11-14T20:45:00+01:00,1323349,32.0,2024.0,Slovakia,Northern Ireland,0.3081825448442353,0.4544881169960389,0.2373293381597258,0.0751218570904753,0.9248781429095246,Under 2.5 buts,87.0,Projection de buts moderee. cote 1.50. value 19.9%. ajustement historique +5.92%,Slovakia 0-0 Northern Ireland,Under 2.5 buts,,,,,,,,,1H,FT,1-0,home,2025-11-15T13:22:46.997816+00:00,-0.14630557215180362,0.0708532066845095,-0.8497562858190494,0.4544881169960389,0.87,0,,,,,,,
2025-11-15T14:18:17.512294+01:00,2025-11-15T13:00:00+01:00,1485629,362.0,2025.0,Neptūną Klaipėda,FK Trakai,0.255215544662205,0.6288704036223076,0.1159140517154873,0.0148685877937318,0.985131412206268,BTTS : Non,96.0,Un camp parait nettement superieur defensivement.,Neptūną Klaipėda 0-0 FK Trakai,Under 2.5 buts,,,,,,,,,2H,FT,0-0,draw,2025-11-21T18:40:24.580726+00:00,-0.37365485896010264,0.13930149294671768,-0.9702628244125362,0.6288704036223076,0.96,0,,,,,,,
2025-11-21T20:04:15.990537+01:00,2025-11-21T20:00:00+01:00,1389247,62.0,2025.0,PAU,Le Mans,0.2719180130449878,0.4280300600915184,0.3000519268634938,0.0946628513164732,0.9053371486835268,Under 2.5 buts,90.0,Projection de buts moderee. cote 1.75. value 32.8%. ajustement historique +0.63%,PAU 0-0 Le Mans,Under 2.5 buts,,,,,,,,,1H,FT,1-2,away,2025-11-22T12:12:08.105639+00:00,-0.1561120470465306,-0.028133913818505996,-0.8106742973670535,0.4280300600915184,0.9,0,,,,,,,
2025-11-21T20:06:08.101792+01:00,2025-11-21T20:00:00+01:00,1389250,62.0,2025.0,Boulogne,Grenoble,0.2346993011259326,0.4551929585598509,0.3101077403142166,0.0745860979378434,0.9254139020621566,Under 2.5 buts,92.0,Projection de buts moderee. cote 1.60. value 29.4%. ajustement historique +0.63%,Boulogne 0-0 Grenoble,Under 2.5 buts,,,,,,,,,1H,FT,3-1,home,2025-11-22T12:12:09.179420+00:00,-0.22049365743391833,-0.07540843918828402,-0.8508278041243131,0.4551929585598509,0.92,0,,,,,,,
2025-11-21T20:08:09.596822+01:00,2025-11-21T20:00:00+01:00,1389252,62.0,2025.0,Laval,Estac Troyes,0.2156238537301832,0.4277378253399817,0.356638320929835,0.0917898362287612,0.9082101637712388,Under 2.5 buts,90.0,Projection de buts moderee. cote 1.62. value 28.5%. ajustement historique +0.63%,Laval 0-0 Estac Troyes,Under 2.5 buts,,,,,,,,,1H,FT,0-1,away,2025-11-22T12:12:10.215279+00:00,-0.21211397160979853,-0.1410144671996518,-0.8164203275424775,0.4277378253399817,0.9,0,,,,,,,
2025-11-21T20:09:33.119146+01:00,2025-11-21T20:00:00+01:00,1389253,62.0,2025.0,Rodez,Dunkerque,0.2040224670675473,0.4216410318454368,0.3743365010870159,0.0951169834603356,0.9048830165396644,Under 2.5 buts,90.0,Projection de buts moderee. cote 1.85. value 35.8%. ajustement historique +0.63%,Rodez 0-0 Dunkerque,Under 2.5 buts,,,,,,,,,1H,FT,1-1,draw,2025-11-22T12:12:11.215465+00:00,-0.2176185647778895,-0.1703140340194686,-0.8097660330793288,0.4216410318454368,0.9,0,,,,,,,
2025-11-21T20:10:57.117855+01:00,2025-11-21T20:00:00+01:00,1396829,62.0,2025.0,Annecy,Bastia,0.2669419661293288,0.4927178155224012,0.2403402183482697,0.0546000037546451,0.9453999962453548,Under 2.5 buts,94.0,Projection de buts moderee. cote 1.42. value 23.5%. ajustement historique +0.63%,Annecy 0-0 Bastia,Under 2.5 buts,,,,,,,,,1H,FT,1-0,home,2025-11-22T12:12:12.194489+00:00,-0.22577584939307238,0.026601747781059087,-0.8907999924907096,0.4927178155224012,0.94,0,,,,,,,
2025-11-21T20:11:49.054604+01:00,2025-11-22T14:00:00+01:00,1422777,186.0,2025.0,Khenchela,JS Saoura,0.3778548494762328,0.2567028251293002,0.3654423253944672,0.4355464776619108,0.5644535223380891,Double chance 1X (Khenchela),63.0,Couverture domicile + nul maximise la securite.,Khenchela 1-1 JS Saoura,,,,,,,,,,NS,FT,3-0,home,2025-11-22T19:47:20.084183+00:00,0.12115202434693262,0.01241252408176563,-0.1289070446761783,0.3778548494762328,0.63,0,,,,,,,
2025-11-21T20:17:45.473345+01:00,2025-11-22T21:05:00+01:00,1387812,61.0,2025.0,Paris Saint Germain,Le Havre,0.7172644881503837,0.1707335531285105,0.1120019587211057,0.5342958710937381,0.4657041289062619,Double chance 1X (Paris Saint Germain),89.0,Couverture domicile + nul maximise la securite.,Paris Saint Germain 2-0 Le Havre,,,,,,,,,,NS,FT,3-0,home,2025-11-23T01:42:33.881740+00:00,0.5465309350218732,0.6052625294292779,0.06859174218747621,0.7172644881503837,0.89,0,,,,,,,
2025-11-21T20:19:51.925396+01:00,2025-11-23T15:00:00+01:00,1387806,61.0,2025.0,Auxerre,Lyon,0.1304609451592447,0.2318001125976626,0.6377389422430927,0.3446068659821075,0.6553931340178925,Double chance X2 (Lyon),87.0,L'equipe exterieure evite souvent la defaite.,Auxerre 0-1 Lyon,Under 2.5 buts,,,,,,,,,NS,,,,,-0.1013391674384179,-0.507277997083848,-0.31078626803578496,0.6377389422430927,0.87,0,,,,,,,
2025-11-21T20:22:37.814126+01:00,2025-11-23T17:15:00+01:00,1387810,61.0,2025.0,Nantes,Lorient,0.4440041342189498,0.2451897753327365,0.3108060904483138,0.4736806250942311,0.5263193749057689,Double chance 1X (Nantes),69.0,Couverture domicile + nul maximise la securite.,Nantes 1-1 Lorient,,,,,,,,,,NS,,,,,0.1988143588862133,0.133198043770636,-0.052638749811537766,0.4440041342189498,0.69,0,,,,,,,
2025-11-21T20:24:27.517938+01:00,2025-11-23T17:15:00+01:00,1387814,61.0,2025.0,Toulouse,Angers,0.5360584531269538,0.2531463404604243,0.2107952064126223,0.3730984213983502,0.6269015786016497,Double chance 1X (Toulouse),79.0,Couverture domicile + nul maximise la securite.,Toulouse 1-0 Angers,Under 2.5 buts,,,,,,,,,NS,,,,,0.2829121126665295,0.3252632467143315,-0.25380315720329955,0.5360584531269538,0.79,0,,,,,,,
2025-11-21T20:25:56.200067+01:00,2025-11-23T17:15:00+01:00,1387807,61.0,2025.0,Stade Brestois 29,Metz,0.5528380152173408,0.2110994223699923,0.2360625624126668,0.5813265429198122,0.4186734570801877,Double chance 1X (Stade Brestois 29),76.0,Couverture domicile + nul maximise la securite.,Stade Brestois 29 2-1 Metz,,,,,,,,,,NS,,,,,0.3417385928473485,0.316775452804674,0.1626530858396245,0.5528380152173408,0.76,0,,,,,,,
2025-11-21T20:28:48.334647+01:00,2025-11-23T20:45:00+01:00,1387809,61.0,2025.0,Lille,Paris FC,0.6437154829608733,0.1714974275185123,0.1847870895206144,0.7298224836066167,0.2701775163933833,Double chance 1X (Lille),82.0,Couverture domicile + nul maximise la securite.,Lille 2-1 Paris FC,Over 2.5 buts,,,,,,,,,NS,,,,,0.47221805544236106,0.45892839344025893,0.45964496721323345,0.6437154829608733,0.82,1,,,,,,,
2025-11-21T20:29:20.598364+01:00,2025-11-21T20:45:00+01:00,1387811,61.0,2025.0,Nice,Marseille,0.1457955996078241,0.1729111950989175,0.6812932052932585,0.6203161440658062,0.3796838559341938,Double chance X2 (Marseille),85.0,L'equipe exterieure evite souvent la defaite.,Nice 0-2 Marseille,Over 2.5 buts,,,,,,,,,NS,FT,1-5,away,2025-11-22T12:12:21.205722+00:00,-0.02711559549109341,-0.5354976056854345,0.24063228813161236,0.6812932052932585,0.85,1,,,,,,,
2025-11-21T21:52:47.152581+01:00,2025-11-21T20:45:00+01:00,1387811,61.0,2025.0,Nice,Marseille,0.0084377193744065,0.0461491263542931,0.9454131542713003,0.6800579132517792,0.3199420867482208,Over 1.5 buts Marseille,100.0,Marseille projette 0.63 buts attendus.,Nice 0-2 Marseille,Over 2.5 buts,,,,,,,,,HT,FT,1-5,away,2025-11-22T12:12:21.205722+00:00,-0.0377114069798866,-0.9369754348968938,0.36011582650355844,0.9454131542713003,1.0,1,,,,,,,
2025-11-21T21:56:33.852045+01:00,2025-11-21T20:45:00+01:00,1387811,61.0,2025.0,Nice,Marseille,0.0073653235747676,0.0430667755507721,0.94956790087446,0.6569182027137394,0.3430817972862606,Over 1.5 buts Marseille,100.0,Marseille projette 0.63 buts attendus.,Nice 0-2 Marseille,Over 2.5 buts,,,,,,,,,2H,FT,1-5,away,2025-11-22T12:12:21.205722+00:00,-0.0357014519760045,-0.9422025772996924,0.31383640542747876,0.94956790087446,1.0,1,,,,,,,
2025-11-22T14:08:43.589352+01:00,2025-11-22T16:00:00+01:00,1386736,40.0,2025.0,Leicester,Stoke City,0.227569856212445,0.2833567818796961,0.4890733619078588,0.2982804180468952,0.7017195819531048,Double chance X2 (Stoke City),77.0,L'equipe exterieure evite souvent la defaite.,Leicester 0-1 Stoke City,Under 2.5 buts,,,,,,,,,NS,FT,2-1,home,2025-11-22T19:47:33.446217+00:00,-0.0557869256672511,-0.2615035056954138,-0.4034391639062096,0.4890733619078588,0.77,0,,,,,,,
2025-11-22T14:10:57.101999+01:00,2025-11-22T13:30:00+01:00,1386732,40.0,2025.0,Charlton,Southampton,9.438405196677184e-06,0.0001470679756087,0.9998434936191944,0.9999999999999998,2.220446049250313e-16,Over 2.5 buts,100.0,xG projetes 0.96. cote 2.25. value 55.6%. ajustement historique +8.15%,Charlton 0-4 Southampton,Over 2.5 buts,,,,,,,,,1H,FT,1-5,away,2025-11-22T19:47:35.374023+00:00,-0.0001376295704120228,-0.9998340552139978,0.9999999999999996,0.9998434936191944,1.0,1,,,,,,,
2025-11-22T14:11:19.612320+01:00,2025-11-22T13:30:00+01:00,1379082,39.0,2025.0,Burnley,Chelsea,0.0156078250601122,0.1191011315336063,0.8652910434062813,0.2268671130742339,0.7731328869257661,Double chance X2 (Chelsea),98.0,L'equipe exterieure evite souvent la defaite.,Burnley 0-1 Chelsea,Under 2.5 buts,,,,,,,,,1H,FT,0-2,away,2025-11-22T19:47:37.340245+00:00,-0.1034933064734941,-0.8496832183461691,-0.5462657738515322,0.8652910434062813,0.98,0,,,,,,,
2025-11-22T15:23:06.843385+01:00,2025-11-22T13:30:00+01:00,1379082,39.0,2025.0,Burnley,Chelsea,0.0011216173155763,0.0443710940671783,0.9545072886172452,0.007965958429752,0.992034041570248,Double chance X2 (Chelsea),100.0,L'equipe exterieure evite souvent la defaite.,Burnley 0-1 Chelsea,Under 2.5 buts,,,,,,,,,2H,FT,0-2,away,2025-11-22T19:47:37.340245+00:00,-0.043249476751602,-0.953385671301669,-0.984068083140496,0.9545072886172452,1.0,0,,,,,,,
2025-11-22T15:58:20.464114+01:00,2025-11-22T16:00:00+01:00,1379083,39.0,2025.0,Fulham,Sunderland,0.2299358198923896,0.2601433876387474,0.5099207924688628,0.3662001787118915,0.6337998212881084,Double chance X2 (Sunderland),77.0,L'equipe exterieure evite souvent la defaite.,Fulham 0-1 Sunderland,,,,,,,,,,NS,FT,1-0,home,2025-11-22T19:47:39.294424+00:00,-0.0302075677463578,-0.2799849725764732,-0.26759964257621693,0.5099207924688628,0.77,0,,,,,,,
2025-11-22T15:59:53.821040+01:00,2025-11-22T16:00:00+01:00,1379080,39.0,2025.0,Bournemouth,West Ham,0.6277755067108737,0.1721591827340617,0.2000653105550647,0.7594002300233502,0.2405997699766497,Over 2.5 buts,84.0,xG projetes 4.01. cote 1.75. value 26.9%. ajustement historique +8.15%,Bournemouth 2-1 West Ham,Over 2.5 buts,,,,,,,,,NS,FT,2-2,draw,2025-11-22T19:47:41.210294+00:00,0.45561632397681195,0.42771019615580896,0.5188004600467006,0.6277755067108737,0.84,1,,,,,,,
2025-11-22T16:02:53.128015+01:00,2025-11-22T18:30:00+01:00,1379087,39.0,2025.0,Newcastle,Manchester City,0.1087807261072703,0.1842425026142283,0.7069767712785011,0.4646428717499277,0.5353571282500723,Double chance X2 (Manchester City),89.0,L'equipe exterieure evite souvent la defaite.,Newcastle 0-1 Manchester City,,,,,,,,,,NS,FT,2-1,home,2025-11-22T19:47:43.070082+00:00,-0.07546177650695801,-0.5981960451712308,-0.07071425650014462,0.7069767712785011,0.89,0,,,,,,,
2025-11-22T16:03:55.407937+01:00,2025-11-22T16:00:00+01:00,1379080,39.0,2025.0,Bournemouth,West Ham,0.4739112068309334,0.3198268698588875,0.2062619233101793,0.2122748739208773,0.7877251260791227,Double chance 1X (Bournemouth),79.0,Couverture domicile + nul maximise la securite.,Bournemouth 1-0 West Ham,Under 2.5 buts,,,,,,,,,1H,FT,2-2,draw,2025-11-22T19:47:41.210294+00:00,0.15408433697204593,0.2676492835207541,-0.5754502521582454,0.4739112068309334,0.79,0,,,,,,,
2025-11-22T16:10:07.614350+01:00,2025-11-22T16:00:00+01:00,1386739,40.0,2025.0,Birmingham,Norwich,0.7938710288267379,0.1694268489625129,0.0367021222107491,0.2841918254778593,0.7158081745221406,Double chance 1X (Birmingham),96.0,Couverture domicile + nul maximise la securite.,Birmingham 1-0 Norwich,Under 2.5 buts,,,,,,,,,1H,FT,4-1,home,2025-11-22T19:47:45.000519+00:00,0.624444179864225,0.7571689066159888,-0.4316163490442813,0.7938710288267379,0.96,0,,,,,,,
2025-11-22T16:18:55.347767+01:00,2025-11-22T16:00:00+01:00,1386731,40.0,2025.0,Ipswich,Wrexham,0.3858524839512742,0.4153397121218065,0.1988078039269191,0.0992828796730596,0.9007171203269404,BTTS : Non,84.0,Un camp parait nettement superieur defensivement.,Ipswich 0-0 Wrexham,Under 2.5 buts,,,,,,,,,1H,FT,0-0,draw,2025-11-22T19:47:47.004219+00:00,-0.029487228170532287,0.1870446800243551,-0.8014342406538808,0.4153397121218065,0.84,0,,,,,,,
2025-11-22T16:27:17.116224+01:00,2025-11-22T16:00:00+01:00,1386734,40.0,2025.0,QPR,Hull City,0.0474217234178291,0.1895469114799718,0.7630313651021989,0.2916744021409362,0.7083255978590637,Double chance X2 (Hull City),95.0,L'equipe exterieure evite souvent la defaite.,QPR 0-1 Hull City,Under 2.5 buts,,,,,,,,,1H,FT,3-2,home,2025-11-22T19:47:49.065269+00:00,-0.1421251880621427,-0.7156096416843698,-0.4166511957181275,0.7630313651021989,0.95,0,,,,,,,
2025-11-22T16:54:07.632576+01:00,2025-11-22T17:00:00+01:00,1387808,61.0,2025.0,Lens,Strasbourg,0.4975046283659317,0.2213675876149234,0.2811277840191447,0.5737702110101872,0.4262297889898128,Double chance 1X (Lens),72.0,Couverture domicile + nul maximise la securite.,Lens 1-1 Strasbourg,Over 2.5 buts,,,,,,,,,NS,FT,1-0,home,2025-11-22T19:47:51.030595+00:00,0.2761370407510083,0.216376844346787,0.14754042202037443,0.4975046283659317,0.72,1,,,,,,,
2025-11-22T17:27:44.416734+01:00,2025-11-22T19:00:00+01:00,1387813,61.0,2025.0,Rennes,Monaco,0.4274863089111729,0.1999633676893233,0.3725503233995034,0.7581867208235433,0.2418132791764566,Over 2.5 buts,84.0,xG projetes 3.99. cote 1.58. value 20.7%. ajustement historique +8.15%,Rennes 2-1 Monaco,Over 2.5 buts,,,,,,,,,NS,FT,4-1,home,2025-11-22T20:12:01.086095+00:00,0.2275229412218496,0.054935985511669505,0.5163734416470868,0.4274863089111729,0.84,1,,,,,,,
2025-11-22T17:28:10.465146+01:00,2025-11-22T17:00:00+01:00,1387808,61.0,2025.0,Lens,Strasbourg,0.307391033249414,0.4871779990447088,0.2054309677058771,0.0562740595588605,0.9437259404411396,BTTS : Non,89.0,Un camp parait nettement superieur defensivement.,Lens 0-0 Strasbourg,Under 2.5 buts,,,,,,,,,1H,FT,1-0,home,2025-11-22T19:47:51.030595+00:00,-0.1797869657952948,0.10196006554353693,-0.8874518808822791,0.4871779990447088,0.89,0,,,,,,,
2025-11-22T17:38:06.028575+01:00,2025-11-23T11:00:00+01:00,1404403,705.0,2025.0,Internazionale U20,Torino U20,0.7262028888643502,0.1778324590642548,0.0959646520713949,0.4570869830628192,0.5429130169371807,Double chance 1X (Internazionale U20),90.0,Couverture domicile + nul maximise la securite.,Internazionale U20 1-0 Torino U20,,,,,,,,,,NS,,,,,0.5483704298000954,0.6302382367929553,-0.08582603387436155,0.7262028888643502,0.9,0,,,,,,,
2025-11-22T17:47:25.654869+01:00,2025-11-22T18:00:00+01:00,1377976,135.0,2025.0,Fiorentina,Juventus,0.1473463998639035,0.1998798904581284,0.6527737096779682,0.4862338501178772,0.5137661498821229,Double chance X2 (Juventus),85.0,L'equipe exterieure evite souvent la defaite.,Fiorentina 0-1 Juventus,,,,,,,,,,NS,FT,1-1,draw,2025-11-22T19:47:56.517254+00:00,-0.05253349059422491,-0.5054273098140647,-0.027532299764245705,0.6527737096779682,0.85,0,,,,,,,
2025-11-22T17:49:41.675533+01:00,2025-11-22T20:45:00+01:00,1377979,135.0,2025.0,Napoli,Atalanta,0.490076436231487,0.2476583469077361,0.2622652168607769,0.4349678220211486,0.5650321779788514,Double chance 1X (Napoli),74.0,Couverture domicile + nul maximise la securite.,Napoli 1-0 Atalanta,,,,,,,,,,NS,FT,3-1,home,2025-11-23T01:42:43.495451+00:00,0.2424180893237509,0.22781121937071008,-0.13006435595770283,0.490076436231487,0.74,0,,,,,,,
2025-11-22T18:08:04.118599+01:00,2025-11-23T12:30:00+01:00,1377983,135.0,2025.0,Verona,Parma,0.2858829326446528,0.3429331651274243,0.371183902227923,0.1936215441740417,0.8063784558259582,BTTS : Non,73.0,Un camp parait nettement superieur defensivement.,Verona 0-0 Parma,Under 2.5 buts,,,,,,,,,NS,,,,,-0.05705023248277147,-0.08530096958327021,-0.6127569116519165,0.371183902227923,0.73,0,,,,,,,
2025-11-22T18:16:19.714724+01:00,2025-11-23T15:00:00+01:00,1377975,135.0,2025.0,Cremonese,AS Roma,0.1648060591065227,0.2991964917035205,0.5359974491899568,0.2269919308062691,0.7730080691937309,Double chance X2 (AS Roma),84.0,L'equipe exterieure evite souvent la defaite.,Cremonese 0-1 AS Roma,Under 2.5 buts,,,,,,,,,NS,,,,,-0.13439043259699776,-0.37119139008343416,-0.5460161383874618,0.5359974491899568,0.84,0,,,,,,,
2025-11-22T18:18:17.126883+01:00,2025-11-23T18:00:00+01:00,1377978,135.0,2025.0,Lazio,Lecce,0.6164155477670995,0.2435240847545416,0.1400603674783593,0.3254128844919144,0.6745871155080856,Double chance 1X (Lazio),86.0,Couverture domicile + nul maximise la securite.,Lazio 1-0 Lecce,,,,,,,,,,NS,,,,,0.37289146301255793,0.47635518028874024,-0.3491742310161712,0.6164155477670995,0.86,0,,,,,,,
2025-11-22T18:19:37.948149+01:00,2025-11-23T20:45:00+01:00,1377977,135.0,2025.0,Inter,AC Milan,0.4746358420988629,0.2114389606875037,0.3139251972136335,0.6568485648264337,0.3431514351735663,Over 2.5 buts,74.0,xG projetes 3.39. cote 1.96. value 22.8%. ajustement historique +8.15%,Inter 2-1 AC Milan,Over 2.5 buts,,,,,,,,,NS,,,,,0.2631968814113592,0.1607106448852294,0.31369712965286745,0.4746358420988629,0.74,1,,,,,,,
2025-11-22T18:29:06.239012+01:00,2025-11-24T18:30:00+01:00,1377981,135.0,2025.0,Torino,Como,0.1343190447690012,0.2520857986341371,0.6135951565968615,0.2973570327713333,0.7026429672286667,Double chance X2 (Como),87.0,L'equipe exterieure evite souvent la defaite.,Torino 0-1 Como,Under 2.5 buts,,,,,,,,,NS,,,,,-0.11776675386513591,-0.4792761118278603,-0.4052859344573334,0.6135951565968615,0.87,0,,,,,,,
2025-11-22T18:37:19.431517+01:00,2025-11-24T20:45:00+01:00,1377980,135.0,2025.0,Sassuolo,Pisa,0.5949026004871498,0.2320699903389795,0.1730274091738706,0.4026060783938561,0.5973939216061439,Double chance 1X (Sassuolo),83.0,Couverture domicile + nul maximise la securite.,Sassuolo 1-0 Pisa,,,,,,,,,,NS,,,,,0.36283261014817036,0.4218751913132792,-0.19478784321228781,0.5949026004871498,0.83,0,,,,,,,
2025-11-22T19:31:34.285872+01:00,2025-11-23T13:00:00+01:00,1386733,40.0,2025.0,Sheffield Wednesday,Sheffield Utd,0.3897187636261962,0.2624079149661324,0.3478733214076712,0.4106622127375249,0.5893377872624751,Double chance 1X (Sheffield Wednesday),65.0,Couverture domicile + nul maximise la securite.,Sheffield Wednesday 1-0 Sheffield Utd,,,,,,,,,,NS,,,,,0.12731084866006376,0.041845442218524986,-0.1786755745249502,0.3897187636261962,0.65,0,,,,,,,
2025-11-22T19:31:51.410441+01:00,2025-11-23T15:00:00+01:00,1379084,39.0,2025.0,Leeds,Aston Villa,0.1640910959496263,0.2309184707986899,0.6049904332516837,0.3945095585686727,0.6054904414313274,Double chance X2 (Aston Villa),84.0,L'equipe exterieure evite souvent la defaite.,Leeds 0-1 Aston Villa,,,,,,,,,,NS,,,,,-0.06682737484906362,-0.4408993373020574,-0.21098088286265465,0.6049904332516837,0.84,0,,,,,,,
2025-11-22T19:32:03.485042+01:00,2025-11-22T18:30:00+01:00,1379087,39.0,2025.0,Newcastle,Manchester City,0.1949508760418392,0.5307861700110186,0.2742629539471425,0.0387204770296017,0.9612795229703982,BTTS : Non,91.0,Un camp parait nettement superieur defensivement.,Newcastle 0-0 Manchester City,Under 2.5 buts,,,,,,,,,HT,FT,2-1,home,2025-11-22T19:47:43.070082+00:00,-0.3358352939691794,-0.07931207790530331,-0.9225590459407965,0.5307861700110186,0.91,0,,,,,,,
2025-11-22T19:33:33.188263+01:00,2025-11-22T18:00:00+01:00,1377976,135.0,2025.0,Fiorentina,Juventus,0.114528269453531,0.6858211651848884,0.1996505653615806,0.338791920580538,0.6612080794194619,Les deux equipes marquent (BTTS),100.0,Probabilite notable que chaque equipe marque.,Fiorentina 1-1 Juventus,,,,,,,,,,2H,FT,1-1,draw,2025-11-22T19:47:56.517254+00:00,-0.5712928957313574,-0.0851222959080496,-0.32241615883892394,0.6858211651848884,1.0,0,,,,,,,
